{
  "results": [
    {
      "fold": 1,
      "acc": 0.37222222222222223,
      "f1": 0.06027890238416554
    },
    {
      "fold": 2,
      "acc": 0.37222222222222223,
      "f1": 0.060327750765352066
    },
    {
      "fold": 3,
      "acc": 0.37222222222222223,
      "f1": 0.06027890238416554
    }
  ],
  "summary": {
    "acc_mean": 0.37222222222222223,
    "acc_std": 0.0,
    "f1_mean": 0.060295185177894374,
    "f1_std": 2.3027347724650975e-05
  }
}