{
  "results": [
    {
      "fold": 1,
      "acc": 0.3718518518518519,
      "f1": 0.06023518118550516
    },
    {
      "fold": 2,
      "acc": 0.3725925925925926,
      "f1": 0.06032259998800744
    }
  ],
  "summary": {
    "acc_mean": 0.37222222222222223,
    "acc_std": 0.00037037037037035425,
    "f1_mean": 0.0602788905867563,
    "f1_std": 4.370940125113937e-05
  }
}