fold,acc,f1
1,0.3718518518518519,0.06023518118550516
2,0.3725925925925926,0.06032259998800744
