fold,acc,f1
1,0.37222222222222223,0.06027890238416554
2,0.37222222222222223,0.060327750765352066
3,0.37222222222222223,0.06027890238416554
